,ev_growth,pm25_change,ozone_change
ev_growth,1.0,0.20042461598254388,-0.06795890829539045
pm25_change,0.20042461598254388,1.0,0.21560857125557764
ozone_change,-0.06795890829539045,0.21560857125557764,1.0
