,ev_station_count,Carbon monoxide,Ozone,PM2.5 - Local Conditions
ev_station_count,1.0,0.07040414984102969,-0.06541681291094671,0.11868610464230415
Carbon monoxide,0.07040414984102969,1.0,0.33611582853714844,0.10541134477498094
Ozone,-0.06541681291094671,0.33611582853714844,1.0,0.2526759231991067
PM2.5 - Local Conditions,0.11868610464230415,0.10541134477498094,0.2526759231991067,1.0
